{"cameraMode":{"drawMode":0,"name":"Shaded","section":"Shading Mode"},"sceneLighting":false,"audioPlay":false,"sceneViewState":{"m_AlwaysRefresh":false,"showFog":true,"showSkybox":false,"showFlares":true,"showImageEffects":true,"showParticleSystems":true,"showVisualEffectGraphs":true,"m_FxEnabled":true},"in2DMode":false,"pivot":{"x":3.0089380741119386,"y":1.2565655708312989,"z":12.835278511047364},"rotation":{"x":0.15476387739181519,"y":-0.6473936438560486,"z":0.13656717538833619,"w":0.7336833477020264},"size":2.8945939540863039,"orthographic":false}